-- MySQL dump 10.13  Distrib 8.0.32, for Win64 (x86_64)
--
-- Host: localhost    Database: dbms
-- ------------------------------------------------------
-- Server version	8.0.32

/*!40101 SET @OLD_CHARACTER_SET_CLIENT=@@CHARACTER_SET_CLIENT */;
/*!40101 SET @OLD_CHARACTER_SET_RESULTS=@@CHARACTER_SET_RESULTS */;
/*!40101 SET @OLD_COLLATION_CONNECTION=@@COLLATION_CONNECTION */;
/*!50503 SET NAMES utf8mb4 */;
/*!40103 SET @OLD_TIME_ZONE=@@TIME_ZONE */;
/*!40103 SET TIME_ZONE='+00:00' */;
/*!40014 SET @OLD_UNIQUE_CHECKS=@@UNIQUE_CHECKS, UNIQUE_CHECKS=0 */;
/*!40014 SET @OLD_FOREIGN_KEY_CHECKS=@@FOREIGN_KEY_CHECKS, FOREIGN_KEY_CHECKS=0 */;
/*!40101 SET @OLD_SQL_MODE=@@SQL_MODE, SQL_MODE='NO_AUTO_VALUE_ON_ZERO' */;
/*!40111 SET @OLD_SQL_NOTES=@@SQL_NOTES, SQL_NOTES=0 */;

--
-- Table structure for table `accounts`
--

DROP TABLE IF EXISTS `accounts`;
/*!40101 SET @saved_cs_client     = @@character_set_client */;
/*!50503 SET character_set_client = utf8mb4 */;
CREATE TABLE `accounts` (
  `id` int NOT NULL AUTO_INCREMENT,
  `account_no` int DEFAULT NULL,
  `balance` int DEFAULT NULL,
  PRIMARY KEY (`id`),
  UNIQUE KEY `account_no` (`account_no`),
  CONSTRAINT `accounts_ibfk_1` FOREIGN KEY (`account_no`) REFERENCES `users_1` (`account_no`)
) ENGINE=InnoDB AUTO_INCREMENT=3 DEFAULT CHARSET=utf8mb4 COLLATE=utf8mb4_0900_ai_ci;
/*!40101 SET character_set_client = @saved_cs_client */;

--
-- Dumping data for table `accounts`
--

LOCK TABLES `accounts` WRITE;
/*!40000 ALTER TABLE `accounts` DISABLE KEYS */;
INSERT INTO `accounts` VALUES (1,1234,100300),(2,3456,1000199);
/*!40000 ALTER TABLE `accounts` ENABLE KEYS */;
UNLOCK TABLES;

--
-- Table structure for table `articles`
--

DROP TABLE IF EXISTS `articles`;
/*!40101 SET @saved_cs_client     = @@character_set_client */;
/*!50503 SET character_set_client = utf8mb4 */;
CREATE TABLE `articles` (
  `id` int NOT NULL AUTO_INCREMENT,
  `article_title` varchar(20) DEFAULT NULL,
  `article` text,
  `category_id` int DEFAULT NULL,
  `author_id` int DEFAULT NULL,
  PRIMARY KEY (`id`),
  KEY `category_id` (`category_id`),
  CONSTRAINT `articles_ibfk_1` FOREIGN KEY (`category_id`) REFERENCES `categories` (`id`)
) ENGINE=InnoDB AUTO_INCREMENT=10 DEFAULT CHARSET=utf8mb4 COLLATE=utf8mb4_0900_ai_ci;
/*!40101 SET character_set_client = @saved_cs_client */;

--
-- Dumping data for table `articles`
--

LOCK TABLES `articles` WRITE;
/*!40000 ALTER TABLE `articles` DISABLE KEYS */;
INSERT INTO `articles` VALUES (1,'FIFA World Cup','Argentina wins',1,3),(2,'AI chatbot','ChatGPT - 4 is a really capable chatbot',6,3),(3,'Stock Market','Market recently hit the 4 month low',5,3),(4,'NEET Results',' NEET results released in shocking 9 days',2,1),(5,'UCL','Man City are favourites to win the tourney',1,2),(6,'Election','National Election is to be held in 2024',5,1),(7,'UPI','Japan to learn and implement Indian UPI system',3,4),(8,'Union Budget','2023 budget was a shocker',4,2),(9,'TV','Discovery channel is good',6,4);
/*!40000 ALTER TABLE `articles` ENABLE KEYS */;
UNLOCK TABLES;

--
-- Table structure for table `branch`
--

DROP TABLE IF EXISTS `branch`;
/*!40101 SET @saved_cs_client     = @@character_set_client */;
/*!50503 SET character_set_client = utf8mb4 */;
CREATE TABLE `branch` (
  `BCode` char(2) NOT NULL,
  `Librarian` varchar(20) DEFAULT NULL,
  `Address` text,
  PRIMARY KEY (`BCode`)
) ENGINE=InnoDB DEFAULT CHARSET=utf8mb4 COLLATE=utf8mb4_0900_ai_ci;
/*!40101 SET character_set_client = @saved_cs_client */;

--
-- Dumping data for table `branch`
--

LOCK TABLES `branch` WRITE;
/*!40000 ALTER TABLE `branch` DISABLE KEYS */;
INSERT INTO `branch` VALUES ('B1','John Smith','2 Angelsea Rd'),('B2','Mary Jones','34 Pearse St'),('B3','Francis Owens','Grange X');
/*!40000 ALTER TABLE `branch` ENABLE KEYS */;
UNLOCK TABLES;

--
-- Table structure for table `categories`
--

DROP TABLE IF EXISTS `categories`;
/*!40101 SET @saved_cs_client     = @@character_set_client */;
/*!50503 SET character_set_client = utf8mb4 */;
CREATE TABLE `categories` (
  `id` int NOT NULL AUTO_INCREMENT,
  `category` varchar(30) DEFAULT NULL,
  PRIMARY KEY (`id`)
) ENGINE=InnoDB AUTO_INCREMENT=7 DEFAULT CHARSET=utf8mb4 COLLATE=utf8mb4_0900_ai_ci;
/*!40101 SET character_set_client = @saved_cs_client */;

--
-- Dumping data for table `categories`
--

LOCK TABLES `categories` WRITE;
/*!40000 ALTER TABLE `categories` DISABLE KEYS */;
INSERT INTO `categories` VALUES (1,'Sports'),(2,'Education'),(3,'International'),(4,'Finance'),(5,'National'),(6,'Infotainment');
/*!40000 ALTER TABLE `categories` ENABLE KEYS */;
UNLOCK TABLES;

--
-- Table structure for table `comments`
--

DROP TABLE IF EXISTS `comments`;
/*!40101 SET @saved_cs_client     = @@character_set_client */;
/*!50503 SET character_set_client = utf8mb4 */;
CREATE TABLE `comments` (
  `id` int NOT NULL AUTO_INCREMENT,
  `user_id` int DEFAULT NULL,
  `article_id` int DEFAULT NULL,
  `comment` text,
  PRIMARY KEY (`id`),
  KEY `user_id` (`user_id`),
  KEY `article_id` (`article_id`),
  CONSTRAINT `comments_ibfk_1` FOREIGN KEY (`user_id`) REFERENCES `users` (`id`),
  CONSTRAINT `comments_ibfk_2` FOREIGN KEY (`article_id`) REFERENCES `articles` (`id`)
) ENGINE=InnoDB AUTO_INCREMENT=17 DEFAULT CHARSET=utf8mb4 COLLATE=utf8mb4_0900_ai_ci;
/*!40101 SET character_set_client = @saved_cs_client */;

--
-- Dumping data for table `comments`
--

LOCK TABLES `comments` WRITE;
/*!40000 ALTER TABLE `comments` DISABLE KEYS */;
INSERT INTO `comments` VALUES (1,1,1,'VAR and fifa helped messi lift wc'),(2,1,5,'With Madrid and Munich still in game its tough t declare city as champions'),(3,2,2,'AI is scary'),(4,2,1,'Does this mean an end to GOAT debate'),(5,2,7,'Go India'),(6,3,6,'The election is still far off'),(7,3,8,'Indeed the budget was not what I was expecting'),(8,3,5,'Finally its our time'),(9,3,4,'I hope they didn\'t make mistakes while checking it'),(10,3,3,'Is it perfect time to invest then?'),(11,4,2,'Now just imagine about GPT-5'),(12,1,1,'France was a victim of cheating'),(13,2,2,'Soon my job will be taken by AI'),(14,4,8,'Agreed'),(16,4,4,'Ja ja ja');
/*!40000 ALTER TABLE `comments` ENABLE KEYS */;
UNLOCK TABLES;

--
-- Table structure for table `commissions`
--

DROP TABLE IF EXISTS `commissions`;
/*!40101 SET @saved_cs_client     = @@character_set_client */;
/*!50503 SET character_set_client = utf8mb4 */;
CREATE TABLE `commissions` (
  `id` int NOT NULL AUTO_INCREMENT,
  `employee_id` int DEFAULT NULL,
  `commission_amount` int DEFAULT NULL,
  PRIMARY KEY (`id`),
  KEY `employee_id` (`employee_id`),
  CONSTRAINT `commissions_ibfk_1` FOREIGN KEY (`employee_id`) REFERENCES `employees` (`id`)
) ENGINE=InnoDB AUTO_INCREMENT=9 DEFAULT CHARSET=utf8mb4 COLLATE=utf8mb4_0900_ai_ci;
/*!40101 SET character_set_client = @saved_cs_client */;

--
-- Dumping data for table `commissions`
--

LOCK TABLES `commissions` WRITE;
/*!40000 ALTER TABLE `commissions` DISABLE KEYS */;
INSERT INTO `commissions` VALUES (1,1,5000),(2,2,3000),(3,3,4000),(4,1,4000),(5,2,3000),(6,4,2000),(7,5,1000),(8,6,5000);
/*!40000 ALTER TABLE `commissions` ENABLE KEYS */;
UNLOCK TABLES;

--
-- Table structure for table `departments`
--

DROP TABLE IF EXISTS `departments`;
/*!40101 SET @saved_cs_client     = @@character_set_client */;
/*!50503 SET character_set_client = utf8mb4 */;
CREATE TABLE `departments` (
  `id` int NOT NULL AUTO_INCREMENT,
  `name` varchar(50) DEFAULT NULL,
  PRIMARY KEY (`id`)
) ENGINE=InnoDB AUTO_INCREMENT=4 DEFAULT CHARSET=utf8mb4 COLLATE=utf8mb4_0900_ai_ci;
/*!40101 SET character_set_client = @saved_cs_client */;

--
-- Dumping data for table `departments`
--

LOCK TABLES `departments` WRITE;
/*!40000 ALTER TABLE `departments` DISABLE KEYS */;
INSERT INTO `departments` VALUES (1,'Banking'),(2,'Insurance'),(3,'Services');
/*!40000 ALTER TABLE `departments` ENABLE KEYS */;
UNLOCK TABLES;

--
-- Table structure for table `employees`
--

DROP TABLE IF EXISTS `employees`;
/*!40101 SET @saved_cs_client     = @@character_set_client */;
/*!50503 SET character_set_client = utf8mb4 */;
CREATE TABLE `employees` (
  `id` int NOT NULL AUTO_INCREMENT,
  `name` varchar(50) DEFAULT NULL,
  `salary` int DEFAULT NULL,
  `department_id` int DEFAULT NULL,
  PRIMARY KEY (`id`),
  KEY `department_id` (`department_id`),
  CONSTRAINT `employees_ibfk_1` FOREIGN KEY (`department_id`) REFERENCES `departments` (`id`)
) ENGINE=InnoDB AUTO_INCREMENT=7 DEFAULT CHARSET=utf8mb4 COLLATE=utf8mb4_0900_ai_ci;
/*!40101 SET character_set_client = @saved_cs_client */;

--
-- Dumping data for table `employees`
--

LOCK TABLES `employees` WRITE;
/*!40000 ALTER TABLE `employees` DISABLE KEYS */;
INSERT INTO `employees` VALUES (1,'Chris Gayle',1000000,1),(2,'Michael Clarke',800000,2),(3,'Rahul Dravid',700000,1),(4,'Ricky Pointing',600000,2),(5,'Albie Morkel',650000,2),(6,'Wasim Akram',750000,3);
/*!40000 ALTER TABLE `employees` ENABLE KEYS */;
UNLOCK TABLES;

--
-- Table structure for table `holdings`
--

DROP TABLE IF EXISTS `holdings`;
/*!40101 SET @saved_cs_client     = @@character_set_client */;
/*!50503 SET character_set_client = utf8mb4 */;
CREATE TABLE `holdings` (
  `Branch` char(2) NOT NULL,
  `Title` varchar(20) NOT NULL,
  `copies` int DEFAULT NULL,
  PRIMARY KEY (`Branch`,`Title`),
  KEY `Title` (`Title`),
  CONSTRAINT `holdings_ibfk_1` FOREIGN KEY (`Branch`) REFERENCES `branch` (`BCode`),
  CONSTRAINT `holdings_ibfk_2` FOREIGN KEY (`Title`) REFERENCES `titles` (`Title`)
) ENGINE=InnoDB DEFAULT CHARSET=utf8mb4 COLLATE=utf8mb4_0900_ai_ci;
/*!40101 SET character_set_client = @saved_cs_client */;

--
-- Dumping data for table `holdings`
--

LOCK TABLES `holdings` WRITE;
/*!40000 ALTER TABLE `holdings` DISABLE KEYS */;
INSERT INTO `holdings` VALUES ('B1','A History of Dublin',1),('B1','How to Fish',2),('B1','Susannah',3),('B2','Computers',4),('B2','Susannah',2),('B2','The Wife',3),('B3','A History of Dublin',1),('B3','Computers',4),('B3','Susannah',3),('B3','The Wife',1);
/*!40000 ALTER TABLE `holdings` ENABLE KEYS */;
UNLOCK TABLES;

--
-- Table structure for table `locations`
--

DROP TABLE IF EXISTS `locations`;
/*!40101 SET @saved_cs_client     = @@character_set_client */;
/*!50503 SET character_set_client = utf8mb4 */;
CREATE TABLE `locations` (
  `LName` varchar(30) NOT NULL,
  `Phone` varchar(8) NOT NULL,
  `Address` text NOT NULL,
  PRIMARY KEY (`LName`),
  CONSTRAINT `locations_ibfk_1` FOREIGN KEY (`LName`) REFERENCES `sandwiches` (`Location`)
) ENGINE=InnoDB DEFAULT CHARSET=utf8mb4 COLLATE=utf8mb4_0900_ai_ci;
/*!40101 SET character_set_client = @saved_cs_client */;

--
-- Dumping data for table `locations`
--

LOCK TABLES `locations` WRITE;
/*!40000 ALTER TABLE `locations` DISABLE KEYS */;
INSERT INTO `locations` VALUES ('Buttery','702 3421','College St'),('Lincon','683 4523','Lincoln Place'),('O\'Neill\'s','674 2134','Pearse St'),('Old Nag','767 8132','Dame St');
/*!40000 ALTER TABLE `locations` ENABLE KEYS */;
UNLOCK TABLES;

--
-- Table structure for table `sandwiches`
--

DROP TABLE IF EXISTS `sandwiches`;
/*!40101 SET @saved_cs_client     = @@character_set_client */;
/*!50503 SET character_set_client = utf8mb4 */;
CREATE TABLE `sandwiches` (
  `Location` varchar(20) NOT NULL,
  `Bread` varchar(15) NOT NULL,
  `Filling` varchar(20) NOT NULL,
  `Price` float NOT NULL,
  PRIMARY KEY (`Location`,`Bread`,`Filling`)
) ENGINE=InnoDB DEFAULT CHARSET=utf8mb4 COLLATE=utf8mb4_0900_ai_ci;
/*!40101 SET character_set_client = @saved_cs_client */;

--
-- Dumping data for table `sandwiches`
--

LOCK TABLES `sandwiches` WRITE;
/*!40000 ALTER TABLE `sandwiches` DISABLE KEYS */;
INSERT INTO `sandwiches` VALUES ('Buttery','White','Cheese',1),('Buttery','White','Ham',1.1),('Lincon','Rye','Beef',1.35),('Lincon','Rye','Ham',1.25),('Lincon','White','Ham',1.3),('O\'Neill\'s','White','Cheese',1.2),('O\'Neill\'s','White','Turkey',1.35),('O\'Neill\'s','Whole','Ham',1.25),('Old Nag','Rye','Beef',1.35),('Old Nag','Rye','Ham',1.4);
/*!40000 ALTER TABLE `sandwiches` ENABLE KEYS */;
UNLOCK TABLES;

--
-- Table structure for table `tastes`
--

DROP TABLE IF EXISTS `tastes`;
/*!40101 SET @saved_cs_client     = @@character_set_client */;
/*!50503 SET character_set_client = utf8mb4 */;
CREATE TABLE `tastes` (
  `Name` varchar(20) NOT NULL,
  `Filling` varchar(20) NOT NULL,
  PRIMARY KEY (`Name`,`Filling`)
) ENGINE=InnoDB DEFAULT CHARSET=utf8mb4 COLLATE=utf8mb4_0900_ai_ci;
/*!40101 SET character_set_client = @saved_cs_client */;

--
-- Dumping data for table `tastes`
--

LOCK TABLES `tastes` WRITE;
/*!40000 ALTER TABLE `tastes` DISABLE KEYS */;
INSERT INTO `tastes` VALUES ('Brown','Beef'),('Brown','Ham'),('Brown','Turkey'),('Green','Beef'),('Green','Cheese'),('Green','Turkey'),('Jones','Cheese');
/*!40000 ALTER TABLE `tastes` ENABLE KEYS */;
UNLOCK TABLES;

--
-- Table structure for table `testing_table`
--

DROP TABLE IF EXISTS `testing_table`;
/*!40101 SET @saved_cs_client     = @@character_set_client */;
/*!50503 SET character_set_client = utf8mb4 */;
CREATE TABLE `testing_table` (
  `username` varchar(40) DEFAULT NULL,
  `roll_no` int DEFAULT NULL,
  `first_name` varchar(20) DEFAULT NULL,
  `last_name` varchar(20) DEFAULT NULL
) ENGINE=InnoDB DEFAULT CHARSET=utf8mb4 COLLATE=utf8mb4_0900_ai_ci;
/*!40101 SET character_set_client = @saved_cs_client */;

--
-- Dumping data for table `testing_table`
--

LOCK TABLES `testing_table` WRITE;
/*!40000 ALTER TABLE `testing_table` DISABLE KEYS */;
/*!40000 ALTER TABLE `testing_table` ENABLE KEYS */;
UNLOCK TABLES;

--
-- Table structure for table `titles`
--

DROP TABLE IF EXISTS `titles`;
/*!40101 SET @saved_cs_client     = @@character_set_client */;
/*!50503 SET character_set_client = utf8mb4 */;
CREATE TABLE `titles` (
  `Title` varchar(20) NOT NULL,
  `Author` varchar(20) DEFAULT NULL,
  `Publisher` varchar(20) DEFAULT NULL,
  PRIMARY KEY (`Title`)
) ENGINE=InnoDB DEFAULT CHARSET=utf8mb4 COLLATE=utf8mb4_0900_ai_ci;
/*!40101 SET character_set_client = @saved_cs_client */;

--
-- Dumping data for table `titles`
--

LOCK TABLES `titles` WRITE;
/*!40000 ALTER TABLE `titles` DISABLE KEYS */;
INSERT INTO `titles` VALUES ('A History of Dublin','David Little','Wiley'),('Computers','Blasie Pascal','Applewoods'),('How to Fish','Amy Fly','Stop Press'),('Susannah','Ann Brown','Macmillan'),('The Wife','Ann Brown','Macmillan');
/*!40000 ALTER TABLE `titles` ENABLE KEYS */;
UNLOCK TABLES;

--
-- Table structure for table `users`
--

DROP TABLE IF EXISTS `users`;
/*!40101 SET @saved_cs_client     = @@character_set_client */;
/*!50503 SET character_set_client = utf8mb4 */;
CREATE TABLE `users` (
  `id` int NOT NULL AUTO_INCREMENT,
  `name` varchar(40) DEFAULT NULL,
  `type` enum('admin','normal') DEFAULT NULL,
  PRIMARY KEY (`id`),
  KEY `ix_name` (`name`)
) ENGINE=InnoDB AUTO_INCREMENT=5 DEFAULT CHARSET=utf8mb4 COLLATE=utf8mb4_0900_ai_ci;
/*!40101 SET character_set_client = @saved_cs_client */;

--
-- Dumping data for table `users`
--

LOCK TABLES `users` WRITE;
/*!40000 ALTER TABLE `users` DISABLE KEYS */;
INSERT INTO `users` VALUES (1,'Akshat','admin'),(2,'User2','normal'),(3,'User3','normal'),(4,'User4','admin');
/*!40000 ALTER TABLE `users` ENABLE KEYS */;
UNLOCK TABLES;

--
-- Table structure for table `users1`
--

DROP TABLE IF EXISTS `users1`;
/*!40101 SET @saved_cs_client     = @@character_set_client */;
/*!50503 SET character_set_client = utf8mb4 */;
CREATE TABLE `users1` (
  `id` int NOT NULL AUTO_INCREMENT,
  `name` varchar(255) DEFAULT NULL,
  `email` varchar(255) DEFAULT NULL,
  `account_no` int DEFAULT NULL,
  PRIMARY KEY (`id`)
) ENGINE=InnoDB AUTO_INCREMENT=2 DEFAULT CHARSET=utf8mb4 COLLATE=utf8mb4_0900_ai_ci;
/*!40101 SET character_set_client = @saved_cs_client */;

--
-- Dumping data for table `users1`
--

LOCK TABLES `users1` WRITE;
/*!40000 ALTER TABLE `users1` DISABLE KEYS */;
INSERT INTO `users1` VALUES (1,'a','x',2);
/*!40000 ALTER TABLE `users1` ENABLE KEYS */;
UNLOCK TABLES;

--
-- Table structure for table `users_1`
--

DROP TABLE IF EXISTS `users_1`;
/*!40101 SET @saved_cs_client     = @@character_set_client */;
/*!50503 SET character_set_client = utf8mb4 */;
CREATE TABLE `users_1` (
  `id` int NOT NULL AUTO_INCREMENT,
  `name` varchar(255) DEFAULT NULL,
  `email` varchar(255) DEFAULT NULL,
  `account_no` int DEFAULT NULL,
  PRIMARY KEY (`id`),
  UNIQUE KEY `account_no` (`account_no`)
) ENGINE=InnoDB AUTO_INCREMENT=3 DEFAULT CHARSET=utf8mb4 COLLATE=utf8mb4_0900_ai_ci;
/*!40101 SET character_set_client = @saved_cs_client */;

--
-- Dumping data for table `users_1`
--

LOCK TABLES `users_1` WRITE;
/*!40000 ALTER TABLE `users_1` DISABLE KEYS */;
INSERT INTO `users_1` VALUES (1,'userA','userA@example.com',1234),(2,'userB','userB@example.com',3456);
/*!40000 ALTER TABLE `users_1` ENABLE KEYS */;
UNLOCK TABLES;
/*!40103 SET TIME_ZONE=@OLD_TIME_ZONE */;

/*!40101 SET SQL_MODE=@OLD_SQL_MODE */;
/*!40014 SET FOREIGN_KEY_CHECKS=@OLD_FOREIGN_KEY_CHECKS */;
/*!40014 SET UNIQUE_CHECKS=@OLD_UNIQUE_CHECKS */;
/*!40101 SET CHARACTER_SET_CLIENT=@OLD_CHARACTER_SET_CLIENT */;
/*!40101 SET CHARACTER_SET_RESULTS=@OLD_CHARACTER_SET_RESULTS */;
/*!40101 SET COLLATION_CONNECTION=@OLD_COLLATION_CONNECTION */;
/*!40111 SET SQL_NOTES=@OLD_SQL_NOTES */;

-- Dump completed on 2023-03-17 17:36:34
